frame,state,agents,agents_smoothed
0,0,100,100.0
1,0,96,98.0
2,0,94,96.66666666666667
3,0,94,96.0
4,0,92,95.2
5,0,92,94.66666666666667
6,0,92,94.28571428571429
7,0,92,94.0
8,0,92,93.77777777777777
9,0,92,93.6
10,0,92,93.45454545454545
11,0,92,93.33333333333333
12,0,92,93.23076923076923
13,0,92,93.14285714285714
14,0,92,93.06666666666666
15,0,92,93.0
16,0,92,92.94117647058823
17,0,92,92.88888888888889
18,0,92,92.84210526315789
19,0,92,92.8
20,0,92,92.76190476190476
21,0,91,92.68181818181819
22,0,91,92.6086956521739
23,0,90,92.5
24,0,89,92.36
25,0,88,92.1923076923077
26,0,88,92.03703703703704
27,0,88,91.89285714285714
28,0,88,91.75862068965517
29,0,87,91.6
30,0,86,91.41935483870968
31,0,86,91.25
32,0,86,91.0909090909091
33,0,86,90.94117647058823
34,0,86,90.8
35,0,86,90.66666666666667
36,0,86,90.54054054054055
37,0,86,90.42105263157895
38,0,86,90.3076923076923
39,0,86,90.2
40,0,86,90.09756097560975
41,0,84,89.95238095238095
42,0,84,89.81395348837209
43,0,84,89.68181818181819
44,0,83,89.53333333333333
45,0,83,89.3913043478261
46,0,83,89.25531914893617
47,0,83,89.125
48,0,83,89.0
49,0,83,88.88
50,0,82,88.74509803921569
51,0,82,88.61538461538461
52,0,82,88.49056603773585
53,0,82,88.37037037037037
54,0,82,88.25454545454545
55,0,81,88.125
56,0,80,87.98245614035088
57,0,80,87.84482758620689
58,0,79,87.69491525423729
59,0,79,87.55
60,0,78,87.39344262295081
61,0,78,87.24193548387096
62,0,78,87.0952380952381
63,0,78,86.953125
64,0,78,86.81538461538462
65,0,78,86.68181818181819
66,0,78,86.55223880597015
67,0,78,86.42647058823529
68,0,78,86.30434782608695
69,0,78,86.18571428571428
70,0,78,86.07042253521126
71,0,78,85.95833333333333
72,0,78,85.84931506849315
73,0,78,85.74324324324324
74,0,80,85.66666666666667
75,0,82,85.61842105263158
76,0,81,85.55844155844156
77,0,81,85.5
78,0,81,85.44303797468355
79,0,81,85.3875
80,0,81,85.33333333333333
81,0,81,85.28048780487805
82,0,81,85.2289156626506
83,0,81,85.17857142857143
84,0,79,85.10588235294118
85,0,79,85.03488372093024
86,0,79,84.96551724137932
87,0,78,84.88636363636364
88,0,78,84.80898876404494
89,0,78,84.73333333333333
90,0,78,84.65934065934066
91,0,77,84.57608695652173
92,0,76,84.48387096774194
93,0,77,84.40425531914893
94,0,78,84.33684210526316
95,0,78,84.27083333333333
96,0,78,84.20618556701031
97,0,79,84.15306122448979
98,0,80,84.11111111111111
99,0,80,84.07
100,0,80,84.02970297029702
101,0,80,83.99019607843137
102,0,78,83.93203883495146
103,0,78,83.875
104,0,78,83.81904761904762
105,0,78,83.76415094339623
106,0,78,83.71028037383178
107,0,78,83.6574074074074
108,0,78,83.60550458715596
109,0,78,83.55454545454545
110,0,78,83.50450450450451
111,0,77,83.44642857142857
112,0,77,83.38938053097345
113,0,76,83.32456140350877
114,0,77,83.2695652173913
115,0,77,83.21551724137932
116,0,77,83.16239316239316
117,0,77,83.11016949152543
118,0,77,83.05882352941177
119,0,76,83.0
120,0,76,82.94214876033058
121,0,76,82.88524590163935
122,0,76,82.82926829268293
123,0,74,82.75806451612904
124,0,74,82.688
125,0,75,82.62698412698413
126,0,75,82.56692913385827
127,0,75,82.5078125
128,0,75,82.44961240310077
129,0,75,82.3923076923077
130,0,74,82.32824427480917
131,0,74,82.26515151515152
132,0,74,82.203007518797
133,0,74,82.14179104477611
134,0,73,82.07407407407408
135,0,73,82.00735294117646
136,0,73,81.94160583941606
137,0,73,81.8768115942029
138,0,73,81.81294964028777
139,0,73,81.75
140,0,74,81.69503546099291
141,0,74,81.64084507042253
142,0,74,81.58741258741259
143,0,73,81.52777777777777
144,0,73,81.46896551724137
145,0,72,81.4041095890411
146,0,71,81.33333333333333
147,0,71,81.26351351351352
148,0,71,81.19463087248322
149,0,71,81.12666666666667
150,0,70,81.05298013245033
151,0,70,80.98026315789474
152,0,70,80.90849673202614
153,0,70,80.83766233766234
154,0,70,80.76774193548387
155,0,70,80.69871794871794
156,0,70,80.63057324840764
157,0,70,80.5632911392405
158,0,70,80.49685534591195
159,0,70,80.43125
160,0,70,80.36645962732919
161,0,70,80.30246913580247
162,0,70,80.23926380368098
163,0,70,80.17682926829268
164,0,71,80.12121212121212
165,0,71,80.06626506024097
166,0,70,80.0059880239521
167,0,70,79.94642857142857
168,0,69,79.88165680473372
169,0,69,79.81764705882352
170,0,69,79.75438596491227
171,0,69,79.69186046511628
172,0,69,79.6300578034682
173,0,69,79.56896551724138
174,0,69,79.50857142857143
175,0,71,79.46022727272727
176,0,72,79.4180790960452
177,0,72,79.37640449438203
178,0,72,79.33519553072625
179,0,72,79.29444444444445
180,0,70,79.24309392265194
181,0,72,79.2032967032967
182,0,72,79.1639344262295
183,0,72,79.125
184,0,73,79.09189189189189
185,0,73,79.05913978494624
186,0,73,79.02673796791444
187,0,72,78.98936170212765
188,0,72,78.95238095238095
189,0,72,78.91578947368421
190,0,72,78.87958115183245
191,0,72,78.84375
192,0,72,78.80829015544042
193,0,72,78.77319587628865
194,0,72,78.73846153846154
195,0,73,78.70918367346938
196,0,73,78.68020304568527
197,0,72,78.64646464646465
198,0,72,78.61306532663316
199,0,72,78.58
200,0,72,78.54726368159204
201,0,72,78.51485148514851
202,0,72,78.48275862068965
203,0,73,78.45588235294117
204,0,73,78.42926829268292
205,0,74,78.40776699029126
206,0,74,78.38647342995169
207,0,74,78.36538461538461
208,0,74,78.3444976076555
209,0,73,78.31904761904762
210,0,72,78.28909952606635
211,0,72,78.25943396226415
212,0,72,78.2300469483568
213,0,72,78.20093457943925
214,0,73,78.1767441860465
215,0,73,78.15277777777777
216,0,73,78.12903225806451
217,0,72,78.10091743119266
218,0,72,78.0730593607306
219,0,72,78.04545454545455
220,0,72,78.01809954751131
221,0,72,77.990990990991
222,0,73,77.96860986547085
223,0,73,77.94642857142857
224,0,73,77.92444444444445
225,0,73,77.90265486725664
226,0,74,77.88546255506608
227,0,73,77.8640350877193
228,0,72,77.83842794759825
229,0,73,77.81739130434782
230,0,73,77.7965367965368
231,0,73,77.77586206896552
232,0,73,77.75536480686695
233,0,74,77.73931623931624
234,0,74,77.72340425531915
235,0,74,77.70762711864407
236,0,74,77.69198312236287
237,0,74,77.67647058823529
238,0,74,77.66108786610879
239,0,76,77.65416666666667
240,0,76,77.64730290456431
241,0,78,77.64876033057851
242,0,78,77.65020576131687
243,0,78,77.65163934426229
244,0,78,77.65306122448979
245,0,78,77.65447154471545
246,0,79,77.65991902834008
247,0,79,77.66532258064517
248,0,79,77.6706827309237
249,0,79,77.676
250,0,79,77.6812749003984
251,0,79,77.68650793650794
252,0,79,77.69169960474308
253,0,80,77.7007874015748
254,0,80,77.70980392156862
255,0,81,77.72265625
256,0,80,77.73151750972762
257,0,80,77.74031007751938
258,0,80,77.74903474903475
259,0,80,77.75769230769231
260,0,80,77.76628352490421
261,0,80,77.77480916030534
262,0,79,77.77946768060836
263,0,79,77.7840909090909
264,0,79,77.78867924528302
265,0,79,77.79323308270676
266,0,79,77.79775280898876
267,0,79,77.80223880597015
268,0,78,77.80297397769517
269,0,78,77.8037037037037
270,0,78,77.80442804428044
271,0,78,77.80514705882354
272,0,78,77.8058608058608
273,0,79,77.81021897810218
274,0,79,77.81454545454545
275,0,79,77.81884057971014
276,0,79,77.82310469314079
277,0,79,77.8273381294964
278,0,79,77.831541218638
279,0,79,77.83571428571429
280,0,80,77.84341637010677
281,0,80,77.85106382978724
282,0,81,77.86219081272085
283,0,82,77.87676056338029
284,0,80,77.88421052631578
285,0,80,77.89160839160839
286,0,80,77.89895470383276
287,0,80,77.90625
288,0,80,77.91349480968859
289,0,79,77.91724137931034
290,0,79,77.92096219931271
291,0,79,77.92465753424658
292,0,79,77.9283276450512
293,0,77,77.92517006802721
294,0,77,77.92203389830509
295,0,78,77.92229729729729
296,0,78,77.92255892255892
297,0,77,77.91946308724832
298,0,77,77.91638795986623
299,0,77,77.91333333333333
300,0,77,77.83666666666667
301,0,77,77.77333333333333
302,0,77,77.71666666666667
303,0,77,77.66
304,0,77,77.61
305,0,77,77.56
306,0,78,77.51333333333334
307,0,79,77.47
308,0,79,77.42666666666666
309,0,78,77.38
310,0,78,77.33333333333333
311,0,78,77.28666666666666
312,0,77,77.23666666666666
313,0,78,77.19
314,0,78,77.14333333333333
315,0,78,77.09666666666666
316,0,78,77.05
317,0,78,77.00333333333333
318,0,78,76.95666666666666
319,0,78,76.91
320,0,79,76.86666666666666
321,0,78,76.82333333333334
322,0,78,76.78
323,0,78,76.74
324,0,78,76.70333333333333
325,0,78,76.67
326,0,78,76.63666666666667
327,0,78,76.60333333333334
328,0,78,76.57
329,0,77,76.53666666666666
330,0,76,76.50333333333333
331,0,76,76.47
332,0,76,76.43666666666667
333,0,76,76.40333333333334
334,0,77,76.37333333333333
335,0,77,76.34333333333333
336,0,77,76.31333333333333
337,0,77,76.28333333333333
338,0,77,76.25333333333333
339,0,76,76.22
340,0,74,76.18
341,0,74,76.14666666666666
342,0,74,76.11333333333333
343,0,74,76.08
344,0,74,76.05
345,0,74,76.02
346,0,74,75.99
347,0,73,75.95666666666666
348,0,72,75.92
349,0,71,75.88
350,0,71,75.84333333333333
351,0,70,75.80333333333333
352,0,69,75.76
353,0,69,75.71666666666667
354,0,68,75.67
355,0,68,75.62666666666667
356,0,68,75.58666666666667
357,0,68,75.54666666666667
358,0,68,75.51
359,0,68,75.47333333333333
360,0,68,75.44
361,0,68,75.40666666666667
362,0,67,75.37
363,0,64,75.32333333333334
364,0,64,75.27666666666667
365,0,64,75.23
366,0,64,75.18333333333334
367,0,64,75.13666666666667
368,0,64,75.09
369,0,64,75.04333333333334
370,0,64,74.99666666666667
371,0,64,74.95
372,0,64,74.90333333333334
373,0,63,74.85333333333334
374,0,63,74.79666666666667
375,0,63,74.73333333333333
376,0,63,74.67333333333333
377,0,64,74.61666666666666
378,0,64,74.56
379,0,63,74.5
380,0,64,74.44333333333333
381,0,64,74.38666666666667
382,0,64,74.33
383,0,64,74.27333333333333
384,0,64,74.22333333333333
385,0,64,74.17333333333333
386,0,64,74.12333333333333
387,0,64,74.07666666666667
388,0,65,74.03333333333333
389,0,65,73.99
390,0,65,73.94666666666667
391,0,65,73.90666666666667
392,0,65,73.87
393,0,63,73.82333333333334
394,0,63,73.77333333333333
395,0,62,73.72
396,0,62,73.66666666666667
397,0,62,73.61
398,0,61,73.54666666666667
399,0,61,73.48333333333333
400,0,61,73.42
401,0,61,73.35666666666667
402,0,62,73.30333333333333
403,0,63,73.25333333333333
404,0,63,73.20333333333333
405,0,62,73.15
406,0,62,73.09666666666666
407,0,62,73.04333333333334
408,0,62,72.99
409,0,62,72.93666666666667
410,0,62,72.88333333333334
411,0,63,72.83666666666667
412,0,64,72.79333333333334
413,0,65,72.75666666666666
414,0,66,72.72
415,0,66,72.68333333333334
416,0,66,72.64666666666666
417,0,67,72.61333333333333
418,0,67,72.58
419,0,67,72.55
420,0,68,72.52333333333333
421,0,68,72.49666666666667
422,0,69,72.47333333333333
423,0,70,72.46
424,0,71,72.45
425,0,72,72.44
426,0,72,72.43
427,0,70,72.41333333333333
428,0,69,72.39333333333333
429,0,69,72.37333333333333
430,0,69,72.35666666666667
431,0,69,72.34
432,0,69,72.32333333333334
433,0,69,72.30666666666667
434,0,69,72.29333333333334
435,0,67,72.27333333333333
436,0,67,72.25333333333333
437,0,67,72.23333333333333
438,0,67,72.21333333333334
439,0,67,72.19333333333333
440,0,67,72.17
441,0,68,72.15
442,0,69,72.13333333333334
443,0,69,72.12
444,0,68,72.10333333333334
445,0,66,72.08333333333333
446,0,66,72.06666666666666
447,0,66,72.05
448,0,66,72.03333333333333
449,0,67,72.02
450,0,67,72.01
451,0,67,72.0
452,0,66,71.98666666666666
453,0,65,71.97
454,0,64,71.95
455,0,63,71.92666666666666
456,0,63,71.90333333333334
457,0,64,71.88333333333334
458,0,63,71.86
459,0,63,71.83666666666667
460,0,63,71.81333333333333
461,0,64,71.79333333333334
462,0,65,71.77666666666667
463,0,65,71.76
464,0,64,71.73666666666666
465,0,65,71.71666666666667
466,0,62,71.69
467,0,65,71.67333333333333
468,0,64,71.65666666666667
469,0,63,71.63666666666667
470,0,62,71.61333333333333
471,0,63,71.59333333333333
472,0,64,71.57666666666667
473,0,64,71.56
474,0,64,71.54333333333334
475,0,64,71.52
476,0,64,71.49333333333334
477,0,64,71.46666666666667
478,0,65,71.44333333333333
479,0,65,71.42
480,0,65,71.40333333333334
481,0,65,71.38
482,0,66,71.36
483,0,65,71.33666666666667
484,0,64,71.30666666666667
485,0,62,71.27
486,0,62,71.23333333333333
487,0,61,71.19666666666667
488,0,62,71.16333333333333
489,0,61,71.12666666666667
490,0,60,71.08666666666667
491,0,60,71.04666666666667
492,0,61,71.01
493,0,61,70.97333333333333
494,0,61,70.93666666666667
495,0,61,70.89666666666666
496,0,61,70.85666666666667
497,0,61,70.82
498,0,61,70.78333333333333
499,0,61,70.74666666666667
500,0,63,70.71666666666667
501,0,63,70.68666666666667
502,0,63,70.65666666666667
503,0,63,70.62333333333333
504,0,63,70.59
505,0,63,70.55333333333333
506,0,63,70.51666666666667
507,0,63,70.48
508,0,65,70.45
509,0,65,70.42333333333333
510,0,65,70.4
511,0,64,70.37333333333333
512,0,64,70.34666666666666
513,0,64,70.32
514,0,64,70.29
515,0,64,70.26
516,0,64,70.23
517,0,64,70.20333333333333
518,0,65,70.18
519,0,65,70.15666666666667
520,0,65,70.13333333333334
521,0,64,70.10666666666667
522,0,63,70.07333333333334
523,0,63,70.04
524,0,63,70.00666666666666
525,0,63,69.97333333333333
526,0,63,69.93666666666667
527,0,63,69.90333333333334
528,0,63,69.87333333333333
529,0,63,69.84
530,0,63,69.80666666666667
531,0,62,69.77
532,0,62,69.73333333333333
533,0,62,69.69333333333333
534,0,63,69.65666666666667
535,0,63,69.62
536,0,63,69.58333333333333
537,0,63,69.54666666666667
538,0,64,69.51333333333334
539,0,66,69.48
540,0,65,69.44333333333333
541,0,65,69.4
542,0,66,69.36
543,0,67,69.32333333333334
544,0,67,69.28666666666666
545,0,67,69.25
546,0,67,69.21
547,0,67,69.17
548,0,66,69.12666666666667
549,0,67,69.08666666666667
550,0,66,69.04333333333334
551,0,66,69.0
552,0,66,68.95666666666666
553,0,66,68.91
554,0,65,68.86
555,0,63,68.8
556,0,64,68.74666666666667
557,0,65,68.69666666666667
558,0,66,68.65
559,0,66,68.60333333333334
560,0,67,68.56
561,0,68,68.52
562,0,68,68.48333333333333
563,0,70,68.45333333333333
564,0,70,68.42333333333333
565,0,69,68.39
566,0,69,68.35666666666667
567,0,70,68.32666666666667
568,0,69,68.29666666666667
569,0,69,68.26666666666667
570,0,69,68.23666666666666
571,0,69,68.20666666666666
572,0,69,68.17666666666666
573,0,69,68.14333333333333
574,0,68,68.10666666666667
575,0,68,68.07
576,0,66,68.02666666666667
577,0,66,67.98333333333333
578,0,66,67.94
579,0,66,67.89666666666666
580,0,67,67.85333333333334
581,0,67,67.81
582,0,66,67.76
583,0,66,67.70666666666666
584,0,65,67.65666666666667
585,0,64,67.60333333333334
586,0,64,67.55
587,0,64,67.49666666666667
588,0,64,67.44333333333333
589,0,64,67.39333333333333
590,0,64,67.34333333333333
591,0,64,67.29333333333334
592,0,64,67.24333333333334
593,0,64,67.2
594,0,64,67.15666666666667
595,0,66,67.11666666666666
596,0,65,67.07333333333334
597,0,62,67.02333333333333
598,0,61,66.97
599,0,60,66.91333333333333
600,0,60,66.85666666666667
1,1,4,4.0
2,1,6,5.0
3,1,6,5.333333333333333
4,1,8,6.0
5,1,8,6.4
6,1,8,6.666666666666667
7,1,8,6.857142857142857
8,1,8,7.0
9,1,8,7.111111111111111
10,1,8,7.2
11,1,8,7.2727272727272725
12,1,8,7.333333333333333
13,1,8,7.384615384615385
14,1,8,7.428571428571429
15,1,8,7.466666666666667
16,1,8,7.5
17,1,8,7.529411764705882
18,1,8,7.555555555555555
19,1,8,7.578947368421052
20,1,8,7.6
21,1,9,7.666666666666667
22,1,9,7.7272727272727275
23,1,10,7.826086956521739
24,1,11,7.958333333333333
25,1,12,8.12
26,1,12,8.26923076923077
27,1,12,8.407407407407407
28,1,12,8.535714285714286
29,1,13,8.689655172413794
30,1,14,8.866666666666667
31,1,14,9.03225806451613
32,1,10,9.0625
33,1,8,9.030303030303031
34,1,8,9.0
35,1,6,8.914285714285715
36,1,6,8.833333333333334
37,1,6,8.756756756756756
38,1,6,8.68421052631579
39,1,6,8.615384615384615
40,1,6,8.55
41,1,8,8.536585365853659
42,1,8,8.523809523809524
43,1,8,8.511627906976743
44,1,9,8.522727272727273
45,1,9,8.533333333333333
46,1,9,8.543478260869565
47,1,9,8.553191489361701
48,1,9,8.5625
49,1,9,8.571428571428571
50,1,10,8.6
51,1,10,8.627450980392156
52,1,9,8.634615384615385
53,1,9,8.641509433962264
54,1,8,8.62962962962963
55,1,8,8.618181818181819
56,1,8,8.607142857142858
57,1,8,8.596491228070175
58,1,9,8.60344827586207
59,1,9,8.610169491525424
60,1,9,8.616666666666667
61,1,8,8.60655737704918
62,1,8,8.596774193548388
63,1,8,8.587301587301587
64,1,8,8.578125
65,1,8,8.569230769230769
66,1,8,8.56060606060606
67,1,8,8.552238805970148
68,1,8,8.544117647058824
69,1,8,8.53623188405797
70,1,8,8.528571428571428
71,1,8,8.52112676056338
72,1,6,8.48611111111111
73,1,6,8.452054794520548
74,1,6,8.41891891891892
75,1,5,8.373333333333333
76,1,6,8.342105263157896
77,1,6,8.311688311688311
78,1,6,8.282051282051283
79,1,6,8.253164556962025
80,1,6,8.225
81,1,5,8.185185185185185
82,1,5,8.146341463414634
83,1,5,8.108433734939759
84,1,7,8.095238095238095
85,1,7,8.08235294117647
86,1,6,8.05813953488372
87,1,6,8.03448275862069
88,1,6,8.011363636363637
89,1,5,7.977528089887641
90,1,5,7.944444444444445
91,1,5,7.912087912087912
92,1,6,7.891304347826087
93,1,6,7.870967741935484
94,1,6,7.851063829787234
95,1,6,7.831578947368421
96,1,6,7.8125
97,1,6,7.793814432989691
98,1,6,7.775510204081633
99,1,6,7.757575757575758
100,1,6,7.74
101,1,6,7.7227722772277225
102,1,8,7.7254901960784315
103,1,8,7.728155339805825
104,1,8,7.730769230769231
105,1,8,7.733333333333333
106,1,8,7.735849056603773
107,1,7,7.728971962616822
108,1,7,7.722222222222222
109,1,7,7.715596330275229
110,1,7,7.709090909090909
111,1,8,7.711711711711712
112,1,8,7.714285714285714
113,1,9,7.725663716814159
114,1,9,7.7368421052631575
115,1,7,7.730434782608696
116,1,7,7.724137931034483
117,1,8,7.726495726495727
118,1,8,7.728813559322034
119,1,9,7.739495798319328
120,1,9,7.75
121,1,9,7.760330578512397
122,1,8,7.762295081967213
123,1,9,7.772357723577236
124,1,9,7.782258064516129
125,1,9,7.792
126,1,9,7.801587301587301
127,1,9,7.811023622047244
128,1,10,7.828125
129,1,10,7.844961240310077
130,1,11,7.869230769230769
131,1,11,7.893129770992366
132,1,11,7.916666666666667
133,1,9,7.924812030075188
134,1,10,7.940298507462686
135,1,10,7.955555555555556
136,1,10,7.970588235294118
137,1,10,7.985401459854015
138,1,10,8.0
139,1,10,8.014388489208633
140,1,10,8.028571428571428
141,1,10,8.042553191489361
142,1,9,8.049295774647888
143,1,10,8.062937062937063
144,1,9,8.069444444444445
145,1,11,8.089655172413794
146,1,12,8.116438356164384
147,1,12,8.142857142857142
148,1,11,8.162162162162161
149,1,11,8.181208053691275
150,1,11,8.2
151,1,11,8.218543046357615
152,1,11,8.236842105263158
153,1,11,8.254901960784315
154,1,9,8.25974025974026
155,1,9,8.264516129032257
156,1,9,8.26923076923077
157,1,9,8.273885350318471
158,1,9,8.278481012658228
159,1,8,8.276729559748428
160,1,8,8.275
161,1,7,8.267080745341614
162,1,7,8.25925925925926
163,1,7,8.251533742331288
164,1,7,8.24390243902439
165,1,6,8.23030303030303
166,1,7,8.22289156626506
167,1,7,8.215568862275449
168,1,8,8.214285714285714
169,1,8,8.21301775147929
170,1,8,8.211764705882352
171,1,8,8.210526315789474
172,1,8,8.209302325581396
173,1,8,8.208092485549132
174,1,7,8.201149425287356
175,1,7,8.194285714285714
176,1,5,8.176136363636363
177,1,4,8.152542372881356
178,1,4,8.129213483146067
179,1,4,8.106145251396647
180,1,5,8.088888888888889
181,1,4,8.066298342541437
182,1,4,8.043956043956044
183,1,4,8.021857923497267
184,1,4,8.0
185,1,4,7.978378378378379
186,1,4,7.956989247311828
187,1,5,7.9411764705882355
188,1,5,7.925531914893617
189,1,5,7.91005291005291
190,1,5,7.894736842105263
191,1,5,7.87958115183246
192,1,5,7.864583333333333
193,1,5,7.849740932642487
194,1,5,7.835051546391752
195,1,5,7.82051282051282
196,1,5,7.8061224489795915
197,1,5,7.791878172588833
198,1,5,7.777777777777778
199,1,4,7.758793969849246
200,1,4,7.74
201,1,4,7.721393034825871
202,1,4,7.702970297029703
203,1,4,7.684729064039409
204,1,4,7.666666666666667
205,1,4,7.648780487804878
206,1,4,7.631067961165049
207,1,5,7.618357487922705
208,1,5,7.605769230769231
209,1,6,7.598086124401914
210,1,7,7.595238095238095
211,1,5,7.5829383886255926
212,1,5,7.570754716981132
213,1,5,7.55868544600939
214,1,5,7.546728971962617
215,1,5,7.534883720930233
216,1,5,7.523148148148148
217,1,6,7.516129032258065
218,1,5,7.504587155963303
219,1,5,7.493150684931507
220,1,5,7.4818181818181815
221,1,5,7.470588235294118
222,1,5,7.45945945945946
223,1,5,7.448430493273543
224,1,5,7.4375
225,1,5,7.426666666666667
226,1,5,7.415929203539823
227,1,6,7.409691629955947
228,1,6,7.4035087719298245
229,1,6,7.397379912663755
230,1,6,7.391304347826087
231,1,6,7.3852813852813854
232,1,6,7.379310344827586
233,1,6,7.373390557939914
234,1,6,7.367521367521367
235,1,6,7.361702127659575
236,1,6,7.3559322033898304
237,1,6,7.350210970464135
238,1,5,7.340336134453781
239,1,5,7.330543933054393
240,1,4,7.316666666666666
241,1,3,7.2987551867219915
242,1,3,7.2809917355371905
243,1,3,7.2633744855967075
244,1,3,7.245901639344262
245,1,3,7.228571428571429
246,1,3,7.211382113821138
247,1,3,7.194331983805668
248,1,2,7.173387096774194
249,1,2,7.152610441767068
250,1,2,7.132
251,1,2,7.111553784860558
252,1,2,7.091269841269841
253,1,2,7.071146245059288
254,1,2,7.051181102362205
255,1,2,7.031372549019608
256,1,3,7.015625
257,1,3,7.0
258,1,2,6.98062015503876
259,1,1,6.957528957528957
260,1,1,6.934615384615385
261,1,1,6.911877394636015
262,1,2,6.893129770992366
263,1,2,6.8745247148288975
264,1,2,6.856060606060606
265,1,2,6.837735849056604
266,1,2,6.819548872180451
267,1,2,6.801498127340824
268,1,3,6.787313432835821
269,1,3,6.773234200743494
270,1,3,6.7592592592592595
271,1,3,6.745387453874539
272,1,3,6.731617647058823
273,1,3,6.717948717948718
274,1,3,6.704379562043796
275,1,3,6.6909090909090905
276,1,3,6.677536231884058
277,1,3,6.664259927797834
278,1,3,6.651079136690647
279,1,3,6.637992831541219
280,1,3,6.625
281,1,3,6.612099644128114
282,1,3,6.599290780141844
283,1,3,6.586572438162544
284,1,5,6.580985915492958
285,1,5,6.575438596491228
286,1,5,6.56993006993007
287,1,4,6.560975609756097
288,1,4,6.552083333333333
289,1,5,6.546712802768166
290,1,6,6.544827586206897
291,1,6,6.542955326460481
292,1,6,6.541095890410959
293,1,7,6.5426621160409555
294,1,7,6.54421768707483
295,1,7,6.545762711864406
296,1,7,6.547297297297297
297,1,8,6.552188552188552
298,1,8,6.557046979865772
299,1,7,6.558528428093646
300,1,7,6.56
301,1,7,6.57
302,1,7,6.573333333333333
303,1,7,6.576666666666667
304,1,7,6.573333333333333
305,1,7,6.57
306,1,7,6.566666666666666
307,1,7,6.5633333333333335
308,1,7,6.56
309,1,8,6.56
310,1,8,6.56
311,1,8,6.56
312,1,9,6.5633333333333335
313,1,9,6.566666666666666
314,1,9,6.57
315,1,7,6.566666666666666
316,1,7,6.5633333333333335
317,1,7,6.56
318,1,7,6.556666666666667
319,1,7,6.553333333333334
320,1,6,6.546666666666667
321,1,6,6.536666666666667
322,1,6,6.526666666666666
323,1,6,6.513333333333334
324,1,4,6.49
325,1,4,6.463333333333333
326,1,4,6.4366666666666665
327,1,4,6.41
328,1,3,6.38
329,1,4,6.35
330,1,5,6.32
331,1,5,6.29
332,1,5,6.273333333333333
333,1,5,6.263333333333334
334,1,5,6.253333333333333
335,1,5,6.25
336,1,5,6.246666666666667
337,1,5,6.243333333333333
338,1,5,6.24
339,1,6,6.24
340,1,7,6.243333333333333
341,1,8,6.243333333333333
342,1,8,6.243333333333333
343,1,7,6.24
344,1,7,6.233333333333333
345,1,7,6.226666666666667
346,1,7,6.22
347,1,8,6.216666666666667
348,1,9,6.216666666666667
349,1,10,6.22
350,1,10,6.22
351,1,11,6.223333333333334
352,1,11,6.23
353,1,11,6.236666666666666
354,1,12,6.25
355,1,12,6.263333333333334
356,1,12,6.276666666666666
357,1,12,6.29
358,1,12,6.3
359,1,12,6.31
360,1,11,6.316666666666666
361,1,10,6.323333333333333
362,1,11,6.333333333333333
363,1,14,6.3533333333333335
364,1,14,6.373333333333333
365,1,14,6.3933333333333335
366,1,14,6.413333333333333
367,1,14,6.433333333333334
368,1,14,6.453333333333333
369,1,14,6.473333333333334
370,1,13,6.49
371,1,11,6.5
372,1,10,6.513333333333334
373,1,11,6.53
374,1,11,6.546666666666667
375,1,11,6.566666666666666
376,1,11,6.583333333333333
377,1,11,6.6
378,1,10,6.613333333333333
379,1,10,6.626666666666667
380,1,9,6.636666666666667
381,1,9,6.65
382,1,8,6.66
383,1,7,6.666666666666667
384,1,7,6.666666666666667
385,1,6,6.663333333333333
386,1,6,6.663333333333333
387,1,6,6.663333333333333
388,1,6,6.663333333333333
389,1,6,6.666666666666667
390,1,6,6.67
391,1,6,6.673333333333333
392,1,6,6.673333333333333
393,1,7,6.676666666666667
394,1,5,6.673333333333333
395,1,6,6.673333333333333
396,1,6,6.673333333333333
397,1,6,6.673333333333333
398,1,7,6.676666666666667
399,1,7,6.68
400,1,7,6.683333333333334
401,1,7,6.6866666666666665
402,1,7,6.683333333333334
403,1,7,6.68
404,1,6,6.673333333333333
405,1,7,6.67
406,1,7,6.666666666666667
407,1,7,6.666666666666667
408,1,7,6.666666666666667
409,1,7,6.666666666666667
410,1,6,6.663333333333333
411,1,6,6.656666666666666
412,1,6,6.65
413,1,6,6.64
414,1,6,6.63
415,1,6,6.626666666666667
416,1,6,6.623333333333333
417,1,6,6.616666666666666
418,1,6,6.61
419,1,6,6.6
420,1,6,6.59
421,1,6,6.58
422,1,6,6.573333333333333
423,1,6,6.5633333333333335
424,1,4,6.546666666666667
425,1,3,6.526666666666666
426,1,2,6.503333333333333
427,1,4,6.486666666666666
428,1,5,6.47
429,1,4,6.45
430,1,4,6.426666666666667
431,1,4,6.403333333333333
432,1,4,6.38
433,1,4,6.363333333333333
434,1,4,6.343333333333334
435,1,6,6.33
436,1,5,6.3133333333333335
437,1,5,6.296666666666667
438,1,5,6.28
439,1,5,6.263333333333334
440,1,5,6.246666666666667
441,1,5,6.23
442,1,5,6.216666666666667
443,1,5,6.2
444,1,6,6.19
445,1,8,6.18
446,1,8,6.166666666666667
447,1,8,6.153333333333333
448,1,8,6.1433333333333335
449,1,8,6.133333333333334
450,1,8,6.123333333333333
451,1,8,6.113333333333333
452,1,9,6.1066666666666665
453,1,10,6.1033333333333335
454,1,11,6.11
455,1,12,6.12
456,1,12,6.13
457,1,12,6.14
458,1,11,6.1466666666666665
459,1,10,6.153333333333333
460,1,10,6.16
461,1,10,6.17
462,1,10,6.18
463,1,10,6.19
464,1,11,6.203333333333333
465,1,12,6.223333333333334
466,1,13,6.243333333333333
467,1,13,6.263333333333334
468,1,14,6.283333333333333
469,1,15,6.306666666666667
470,1,16,6.333333333333333
471,1,16,6.36
472,1,16,6.386666666666667
473,1,17,6.416666666666667
474,1,17,6.45
475,1,16,6.48
476,1,14,6.51
477,1,14,6.543333333333333
478,1,14,6.576666666666667
479,1,14,6.61
480,1,14,6.64
481,1,15,6.676666666666667
482,1,15,6.713333333333333
483,1,15,6.75
484,1,15,6.786666666666667
485,1,16,6.826666666666667
486,1,15,6.863333333333333
487,1,16,6.9
488,1,16,6.9366666666666665
489,1,16,6.973333333333334
490,1,17,7.013333333333334
491,1,17,7.053333333333334
492,1,17,7.093333333333334
493,1,17,7.133333333333334
494,1,17,7.173333333333333
495,1,16,7.21
496,1,15,7.243333333333333
497,1,12,7.266666666666667
498,1,12,7.29
499,1,11,7.3133333333333335
500,1,10,7.333333333333333
501,1,9,7.35
502,1,9,7.366666666666666
503,1,9,7.383333333333334
504,1,8,7.3966666666666665
505,1,8,7.41
506,1,8,7.423333333333333
507,1,8,7.433333333333334
508,1,8,7.443333333333333
509,1,8,7.45
510,1,8,7.453333333333333
511,1,9,7.466666666666667
512,1,8,7.476666666666667
513,1,8,7.486666666666666
514,1,7,7.493333333333333
515,1,6,7.496666666666667
516,1,4,7.493333333333333
517,1,4,7.486666666666666
518,1,3,7.48
519,1,3,7.473333333333334
520,1,2,7.463333333333333
521,1,3,7.456666666666667
522,1,4,7.453333333333333
523,1,4,7.45
524,1,4,7.446666666666666
525,1,4,7.443333333333333
526,1,4,7.44
527,1,4,7.433333333333334
528,1,4,7.426666666666667
529,1,4,7.42
530,1,4,7.413333333333333
531,1,5,7.41
532,1,5,7.406666666666666
533,1,5,7.403333333333333
534,1,5,7.4
535,1,5,7.3966666666666665
536,1,5,7.3933333333333335
537,1,5,7.39
538,1,5,7.39
539,1,5,7.39
540,1,6,7.3966666666666665
541,1,6,7.406666666666666
542,1,6,7.416666666666667
543,1,6,7.426666666666667
544,1,6,7.4366666666666665
545,1,6,7.446666666666666
546,1,6,7.456666666666667
547,1,6,7.466666666666667
548,1,7,7.483333333333333
549,1,8,7.503333333333333
550,1,9,7.526666666666666
551,1,9,7.55
552,1,7,7.566666666666666
553,1,6,7.58
554,1,7,7.596666666666667
555,1,9,7.62
556,1,9,7.64
557,1,9,7.66
558,1,9,7.683333333333334
559,1,9,7.71
560,1,9,7.736666666666666
561,1,9,7.763333333333334
562,1,8,7.783333333333333
563,1,8,7.803333333333334
564,1,8,7.823333333333333
565,1,9,7.846666666666667
566,1,9,7.87
567,1,9,7.8933333333333335
568,1,10,7.916666666666667
569,1,10,7.94
570,1,10,7.963333333333333
571,1,9,7.983333333333333
572,1,9,8.003333333333334
573,1,8,8.02
574,1,9,8.04
575,1,9,8.06
576,1,11,8.086666666666666
577,1,11,8.113333333333333
578,1,11,8.14
579,1,10,8.163333333333334
580,1,9,8.183333333333334
581,1,9,8.203333333333333
582,1,10,8.226666666666667
583,1,10,8.25
584,1,12,8.273333333333333
585,1,12,8.296666666666667
586,1,10,8.313333333333333
587,1,10,8.333333333333334
588,1,10,8.353333333333333
589,1,10,8.37
590,1,10,8.383333333333333
591,1,10,8.396666666666667
592,1,10,8.41
593,1,10,8.42
594,1,10,8.43
595,1,10,8.44
596,1,10,8.45
597,1,13,8.466666666666667
598,1,14,8.486666666666666
599,1,14,8.51
600,1,14,8.533333333333333
32,2,4,4.0
33,2,6,5.0
34,2,6,5.333333333333333
35,2,8,6.0
36,2,8,6.4
37,2,8,6.666666666666667
38,2,8,6.857142857142857
39,2,8,7.0
40,2,8,7.111111111111111
41,2,8,7.2
42,2,8,7.2727272727272725
43,2,8,7.333333333333333
44,2,8,7.384615384615385
45,2,8,7.428571428571429
46,2,8,7.466666666666667
47,2,8,7.5
48,2,8,7.529411764705882
49,2,8,7.555555555555555
50,2,8,7.578947368421052
51,2,8,7.6
52,2,9,7.666666666666667
53,2,9,7.7272727272727275
54,2,10,7.826086956521739
55,2,11,7.958333333333333
56,2,12,8.12
57,2,12,8.26923076923077
58,2,12,8.407407407407407
59,2,12,8.535714285714286
60,2,13,8.689655172413794
61,2,14,8.866666666666667
62,2,14,9.03225806451613
63,2,12,9.125
64,2,10,9.151515151515152
65,2,10,9.176470588235293
66,2,10,9.2
67,2,10,9.222222222222221
68,2,10,9.243243243243244
69,2,10,9.263157894736842
70,2,10,9.282051282051283
71,2,10,9.3
72,2,12,9.365853658536585
73,2,12,9.428571428571429
74,2,12,9.488372093023257
75,2,13,9.568181818181818
76,2,13,9.644444444444444
77,2,13,9.717391304347826
78,2,13,9.787234042553191
79,2,13,9.854166666666666
80,2,13,9.918367346938776
81,2,14,10.0
82,2,13,10.058823529411764
83,2,12,10.096153846153847
84,2,12,10.132075471698114
85,2,12,10.166666666666666
86,2,12,10.2
87,2,12,10.232142857142858
88,2,12,10.263157894736842
89,2,13,10.310344827586206
90,2,13,10.35593220338983
91,2,14,10.416666666666666
92,2,14,10.475409836065573
93,2,14,10.53225806451613
94,2,14,10.587301587301587
95,2,14,10.640625
96,2,14,10.692307692307692
97,2,14,10.742424242424242
98,2,14,10.791044776119403
99,2,14,10.838235294117647
100,2,14,10.884057971014492
101,2,14,10.928571428571429
102,2,14,10.971830985915492
103,2,13,11.0
104,2,13,11.027397260273972
105,2,13,11.054054054054054
106,2,12,11.066666666666666
107,2,12,11.078947368421053
108,2,12,11.090909090909092
109,2,12,11.102564102564102
110,2,12,11.113924050632912
111,2,12,11.125
112,2,12,11.135802469135802
113,2,12,11.146341463414634
114,2,11,11.144578313253012
115,2,13,11.166666666666666
116,2,13,11.188235294117646
117,2,12,11.19767441860465
118,2,13,11.218390804597702
119,2,13,11.238636363636363
120,2,13,11.258426966292134
121,2,13,11.277777777777779
122,2,14,11.307692307692308
123,2,15,11.347826086956522
124,2,15,11.387096774193548
125,2,15,11.425531914893616
126,2,15,11.463157894736842
127,2,15,11.5
128,2,15,11.536082474226804
129,2,14,11.561224489795919
130,2,14,11.585858585858587
131,2,14,11.61
132,2,14,11.633663366336634
133,2,16,11.676470588235293
134,2,15,11.70873786407767
135,2,15,11.740384615384615
136,2,15,11.771428571428572
137,2,15,11.80188679245283
138,2,14,11.822429906542055
139,2,14,11.842592592592593
140,2,14,11.862385321100918
141,2,14,11.881818181818181
142,2,15,11.90990990990991
143,2,15,11.9375
144,2,16,11.973451327433628
145,2,16,12.008771929824562
146,2,16,12.043478260869565
147,2,16,12.077586206896552
148,2,17,12.11965811965812
149,2,18,12.169491525423728
150,2,19,12.22689075630252
151,2,19,12.283333333333333
152,2,19,12.338842975206612
153,2,18,12.385245901639344
154,2,20,12.447154471544716
155,2,20,12.508064516129032
156,2,20,12.568
157,2,20,12.626984126984127
158,2,20,12.68503937007874
159,2,21,12.75
160,2,21,12.813953488372093
161,2,22,12.884615384615385
162,2,22,12.954198473282442
163,2,22,13.022727272727273
164,2,20,13.075187969924812
165,2,20,13.126865671641792
166,2,20,13.177777777777777
167,2,20,13.227941176470589
168,2,20,13.277372262773723
169,2,20,13.326086956521738
170,2,18,13.359712230215827
171,2,18,13.392857142857142
172,2,18,13.425531914893616
173,2,17,13.450704225352112
174,2,18,13.482517482517483
175,2,18,13.51388888888889
176,2,20,13.558620689655172
177,2,21,13.60958904109589
178,2,21,13.65986394557823
179,2,21,13.70945945945946
180,2,22,13.765100671140939
181,2,23,13.826666666666666
182,2,23,13.887417218543046
183,2,23,13.947368421052632
184,2,22,14.0
185,2,22,14.051948051948052
186,2,22,14.103225806451613
187,2,22,14.153846153846153
188,2,22,14.203821656050955
189,2,22,14.253164556962025
190,2,22,14.30188679245283
191,2,22,14.35
192,2,21,14.391304347826088
193,2,21,14.432098765432098
194,2,20,14.466257668711657
195,2,20,14.5
196,2,19,14.527272727272727
197,2,20,14.560240963855422
198,2,20,14.592814371257486
199,2,21,14.630952380952381
200,2,21,14.668639053254438
201,2,21,14.705882352941176
202,2,21,14.742690058479532
203,2,20,14.773255813953488
204,2,20,14.803468208092486
205,2,20,14.833333333333334
206,2,20,14.862857142857143
207,2,20,14.892045454545455
208,2,20,14.92090395480226
209,2,20,14.94943820224719
210,2,20,14.977653631284916
211,2,21,15.011111111111111
212,2,21,15.044198895027625
213,2,21,15.076923076923077
214,2,21,15.109289617486338
215,2,20,15.13586956521739
216,2,20,15.162162162162161
217,2,20,15.188172043010752
218,2,20,15.213903743315509
219,2,20,15.23936170212766
220,2,20,15.264550264550264
221,2,20,15.289473684210526
222,2,19,15.30890052356021
223,2,19,15.328125
224,2,19,15.347150259067357
225,2,19,15.3659793814433
226,2,19,15.384615384615385
227,2,19,15.403061224489797
228,2,18,15.416243654822335
229,2,18,15.429292929292929
230,2,16,15.4321608040201
231,2,16,15.435
232,2,16,15.437810945273633
233,2,16,15.44059405940594
234,2,16,15.443349753694582
235,2,15,15.441176470588236
236,2,15,15.439024390243903
237,2,15,15.436893203883495
238,2,16,15.439613526570048
239,2,16,15.442307692307692
240,2,17,15.44976076555024
241,2,18,15.461904761904762
242,2,17,15.469194312796208
243,2,17,15.476415094339623
244,2,16,15.47887323943662
245,2,16,15.481308411214954
246,2,16,15.483720930232558
247,2,16,15.48611111111111
248,2,17,15.493087557603687
249,2,17,15.5
250,2,17,15.506849315068493
251,2,17,15.513636363636364
252,2,17,15.520361990950226
253,2,17,15.527027027027026
254,2,17,15.533632286995516
255,2,17,15.540178571428571
256,2,17,15.546666666666667
257,2,17,15.553097345132743
258,2,18,15.56387665198238
259,2,19,15.578947368421053
260,2,19,15.593886462882097
261,2,19,15.608695652173912
262,2,18,15.619047619047619
263,2,18,15.629310344827585
264,2,18,15.639484978540773
265,2,18,15.649572649572649
266,2,18,15.659574468085106
267,2,18,15.669491525423728
268,2,18,15.679324894514767
269,2,17,15.684873949579831
270,2,17,15.690376569037657
271,2,16,15.691666666666666
272,2,15,15.688796680497925
273,2,15,15.685950413223141
274,2,15,15.683127572016462
275,2,15,15.680327868852459
276,2,15,15.677551020408163
277,2,15,15.674796747967479
278,2,15,15.672064777327936
279,2,14,15.665322580645162
280,2,14,15.65863453815261
281,2,14,15.652
282,2,14,15.645418326693227
283,2,14,15.63888888888889
284,2,13,15.628458498023715
285,2,13,15.618110236220472
286,2,13,15.607843137254902
287,2,14,15.6015625
288,2,14,15.59533073929961
289,2,14,15.589147286821705
290,2,14,15.583011583011583
291,2,14,15.576923076923077
292,2,14,15.57088122605364
293,2,15,15.568702290076336
294,2,15,15.566539923954373
295,2,14,15.56060606060606
296,2,13,15.550943396226415
297,2,13,15.541353383458647
298,2,13,15.53183520599251
299,2,14,15.526119402985074
300,2,14,15.520446096654275
301,2,14,15.514814814814814
302,2,13,15.505535055350553
303,2,13,15.496323529411764
304,2,13,15.487179487179487
305,2,13,15.478102189781023
306,2,13,15.469090909090909
307,2,13,15.460144927536232
308,2,13,15.451263537906136
309,2,12,15.43884892086331
310,2,12,15.42652329749104
311,2,12,15.414285714285715
312,2,12,15.402135231316725
313,2,12,15.390070921985815
314,2,12,15.378091872791519
315,2,14,15.373239436619718
316,2,14,15.368421052631579
317,2,14,15.363636363636363
318,2,14,15.358885017421603
319,2,14,15.354166666666666
320,2,15,15.352941176470589
321,2,16,15.355172413793104
322,2,16,15.357388316151203
323,2,15,15.356164383561644
324,2,17,15.361774744027304
325,2,17,15.36734693877551
326,2,17,15.372881355932204
327,2,17,15.378378378378379
328,2,18,15.387205387205388
329,2,18,15.395973154362416
330,2,17,15.40133779264214
331,2,17,15.406666666666666
332,2,17,15.45
333,2,17,15.486666666666666
334,2,17,15.523333333333333
335,2,17,15.553333333333333
336,2,17,15.583333333333334
337,2,17,15.613333333333333
338,2,17,15.643333333333333
339,2,17,15.673333333333334
340,2,18,15.706666666666667
341,2,18,15.74
342,2,18,15.773333333333333
343,2,19,15.81
344,2,19,15.846666666666666
345,2,19,15.883333333333333
346,2,19,15.92
347,2,19,15.956666666666667
348,2,19,15.993333333333334
349,2,19,16.03
350,2,19,16.066666666666666
351,2,19,16.10333333333333
352,2,20,16.14
353,2,20,16.176666666666666
354,2,20,16.21
355,2,20,16.24
356,2,20,16.266666666666666
357,2,20,16.293333333333333
358,2,20,16.32
359,2,20,16.346666666666668
360,2,21,16.373333333333335
361,2,22,16.4
362,2,22,16.426666666666666
363,2,22,16.46
364,2,22,16.5
365,2,22,16.54
366,2,21,16.576666666666668
367,2,21,16.613333333333333
368,2,21,16.65
369,2,20,16.683333333333334
370,2,21,16.72
371,2,23,16.763333333333332
372,2,24,16.803333333333335
373,2,24,16.843333333333334
374,2,24,16.883333333333333
375,2,24,16.92
376,2,24,16.956666666666667
377,2,23,16.99
378,2,24,17.026666666666667
379,2,25,17.066666666666666
380,2,26,17.11
381,2,26,17.15
382,2,27,17.196666666666665
383,2,27,17.246666666666666
384,2,27,17.296666666666667
385,2,28,17.35
386,2,28,17.403333333333332
387,2,28,17.456666666666667
388,2,28,17.51
389,2,28,17.56
390,2,28,17.61
391,2,27,17.653333333333332
392,2,26,17.69333333333333
393,2,27,17.736666666666668
394,2,30,17.79
395,2,30,17.843333333333334
396,2,30,17.89666666666667
397,2,30,17.95
398,2,30,18.003333333333334
399,2,30,18.05666666666667
400,2,29,18.106666666666666
401,2,28,18.153333333333332
402,2,27,18.196666666666665
403,2,26,18.24
404,2,27,18.286666666666665
405,2,27,18.333333333333332
406,2,26,18.38
407,2,26,18.426666666666666
408,2,26,18.473333333333333
409,2,25,18.516666666666666
410,2,26,18.563333333333333
411,2,25,18.606666666666666
412,2,24,18.64666666666667
413,2,23,18.683333333333334
414,2,22,18.72
415,2,22,18.75
416,2,22,18.78
417,2,22,18.813333333333333
418,2,22,18.843333333333334
419,2,22,18.873333333333335
420,2,22,18.903333333333332
421,2,22,18.933333333333334
422,2,22,18.96
423,2,22,18.983333333333334
424,2,24,19.013333333333332
425,2,25,19.046666666666667
426,2,26,19.083333333333332
427,2,26,19.12
428,2,26,19.156666666666666
429,2,27,19.2
430,2,26,19.24
431,2,25,19.276666666666667
432,2,25,19.313333333333333
433,2,25,19.343333333333334
434,2,25,19.376666666666665
435,2,25,19.41
436,2,26,19.446666666666665
437,2,26,19.483333333333334
438,2,25,19.52
439,2,25,19.55666666666667
440,2,25,19.593333333333334
441,2,25,19.63
442,2,25,19.663333333333334
443,2,25,19.696666666666665
444,2,25,19.726666666666667
445,2,25,19.756666666666668
446,2,24,19.783333333333335
447,2,24,19.81
448,2,24,19.833333333333332
449,2,24,19.85333333333333
450,2,23,19.866666666666667
451,2,22,19.876666666666665
452,2,22,19.886666666666667
453,2,22,19.9
454,2,20,19.9
455,2,20,19.9
456,2,17,19.89
457,2,17,19.88
458,2,19,19.876666666666665
459,2,20,19.873333333333335
460,2,19,19.866666666666667
461,2,18,19.85333333333333
462,2,17,19.836666666666666
463,2,17,19.82
464,2,17,19.81
465,2,17,19.8
466,2,19,19.796666666666667
467,2,18,19.79
468,2,18,19.783333333333335
469,2,18,19.776666666666667
470,2,17,19.773333333333333
471,2,16,19.766666666666666
472,2,16,19.76
473,2,16,19.756666666666668
474,2,16,19.75
475,2,17,19.746666666666666
476,2,19,19.743333333333332
477,2,18,19.733333333333334
478,2,18,19.723333333333333
479,2,18,19.713333333333335
480,2,18,19.7
481,2,17,19.68
482,2,17,19.66
483,2,18,19.643333333333334
484,2,19,19.633333333333333
485,2,20,19.626666666666665
486,2,21,19.623333333333335
487,2,21,19.62
488,2,21,19.616666666666667
489,2,20,19.61
490,2,20,19.60333333333333
491,2,20,19.596666666666668
492,2,20,19.593333333333334
493,2,20,19.59
494,2,20,19.59
495,2,21,19.593333333333334
496,2,22,19.60333333333333
497,2,23,19.613333333333333
498,2,23,19.623333333333335
499,2,24,19.633333333333333
500,2,25,19.64666666666667
501,2,26,19.663333333333334
502,2,26,19.68
503,2,26,19.7
504,2,27,19.723333333333333
505,2,27,19.746666666666666
506,2,27,19.77
507,2,26,19.79
508,2,26,19.81
509,2,26,19.83
510,2,25,19.846666666666668
511,2,25,19.86
512,2,26,19.876666666666665
513,2,26,19.893333333333334
514,2,27,19.913333333333334
515,2,28,19.94
516,2,30,19.973333333333333
517,2,30,20.006666666666668
518,2,31,20.043333333333333
519,2,31,20.08
520,2,32,20.12
521,2,33,20.163333333333334
522,2,33,20.21
523,2,32,20.253333333333334
524,2,32,20.296666666666667
525,2,32,20.34
526,2,32,20.383333333333333
527,2,31,20.423333333333332
528,2,29,20.46
529,2,29,20.496666666666666
530,2,29,20.54
531,2,27,20.576666666666668
532,2,26,20.61
533,2,26,20.643333333333334
534,2,26,20.676666666666666
535,2,26,20.713333333333335
536,2,26,20.75
537,2,26,20.786666666666665
538,2,24,20.813333333333333
539,2,24,20.84
540,2,24,20.863333333333333
541,2,24,20.883333333333333
542,2,25,20.91
543,2,25,20.936666666666667
544,2,25,20.966666666666665
545,2,24,20.993333333333332
546,2,23,21.016666666666666
547,2,22,21.036666666666665
548,2,22,21.053333333333335
549,2,21,21.066666666666666
550,2,20,21.076666666666668
551,2,20,21.086666666666666
552,2,20,21.096666666666668
553,2,21,21.11
554,2,21,21.123333333333335
555,2,21,21.136666666666667
556,2,20,21.14666666666667
557,2,20,21.156666666666666
558,2,20,21.163333333333334
559,2,20,21.166666666666668
560,2,20,21.17
561,2,20,21.173333333333332
562,2,21,21.183333333333334
563,2,21,21.19333333333333
564,2,21,21.203333333333333
565,2,21,21.213333333333335
566,2,21,21.223333333333333
567,2,21,21.233333333333334
568,2,21,21.243333333333332
569,2,20,21.253333333333334
570,2,19,21.26
571,2,20,21.273333333333333
572,2,20,21.29
573,2,20,21.30666666666667
574,2,20,21.323333333333334
575,2,20,21.34
576,2,20,21.356666666666666
577,2,20,21.373333333333335
578,2,20,21.39
579,2,21,21.413333333333334
580,2,22,21.44
581,2,23,21.47
582,2,23,21.5
583,2,23,21.53
584,2,21,21.55666666666667
585,2,22,21.586666666666666
586,2,24,21.623333333333335
587,2,24,21.656666666666666
588,2,24,21.69
589,2,24,21.723333333333333
590,2,24,21.756666666666668
591,2,24,21.79
592,2,23,21.82
593,2,23,21.846666666666668
594,2,23,21.873333333333335
595,2,23,21.903333333333332
596,2,24,21.94
597,2,24,21.976666666666667
598,2,24,22.013333333333332
599,2,25,22.05
600,2,25,22.086666666666666
63,3,2,2.0
64,3,4,3.0
65,3,4,3.3333333333333335
66,3,4,3.5
67,3,4,3.6
68,3,4,3.6666666666666665
69,3,4,3.7142857142857144
70,3,4,3.75
71,3,4,3.7777777777777777
72,3,4,3.8
73,3,4,3.8181818181818183
74,3,2,3.6666666666666665
82,3,1,3.4615384615384617
83,3,2,3.357142857142857
84,3,2,3.2666666666666666
85,3,2,3.1875
86,3,3,3.176470588235294
87,3,4,3.2222222222222223
88,3,4,3.263157894736842
89,3,4,3.3
90,3,4,3.3333333333333335
91,3,4,3.3636363636363638
92,3,4,3.391304347826087
93,3,3,3.375
94,3,2,3.32
95,3,2,3.269230769230769
96,3,2,3.2222222222222223
97,3,1,3.142857142857143
103,3,1,3.0689655172413794
104,3,1,3.0
105,3,1,2.935483870967742
106,3,2,2.90625
107,3,3,2.909090909090909
108,3,3,2.911764705882353
109,3,3,2.914285714285714
110,3,3,2.9166666666666665
111,3,3,2.918918918918919
112,3,3,2.9210526315789473
113,3,3,2.923076923076923
114,3,3,2.925
115,3,3,2.926829268292683
116,3,3,2.9285714285714284
117,3,3,2.9302325581395348
118,3,2,2.909090909090909
119,3,2,2.888888888888889
120,3,2,2.869565217391304
121,3,2,2.851063829787234
122,3,2,2.8333333333333335
123,3,2,2.816326530612245
124,3,2,2.8
125,3,1,2.764705882352941
126,3,1,2.730769230769231
127,3,1,2.69811320754717
129,3,1,2.6666666666666665
130,3,1,2.6363636363636362
131,3,1,2.607142857142857
132,3,1,2.5789473684210527
133,3,1,2.5517241379310347
134,3,2,2.542372881355932
135,3,2,2.533333333333333
136,3,2,2.5245901639344264
137,3,2,2.5161290322580645
138,3,3,2.5238095238095237
139,3,3,2.53125
140,3,2,2.523076923076923
141,3,2,2.515151515151515
142,3,2,2.5074626865671643
143,3,2,2.5
144,3,2,2.4927536231884058
145,3,1,2.4714285714285715
146,3,1,2.4507042253521125
147,3,1,2.4305555555555554
148,3,1,2.410958904109589
153,3,1,2.391891891891892
154,3,1,2.3733333333333335
155,3,1,2.3552631578947367
156,3,1,2.3376623376623376
157,3,1,2.3205128205128207
158,3,1,2.3037974683544302
159,3,1,2.2875
160,3,1,2.271604938271605
161,3,1,2.2560975609756095
162,3,1,2.2409638554216866
163,3,1,2.2261904761904763
164,3,2,2.223529411764706
165,3,3,2.2325581395348837
166,3,3,2.2413793103448274
167,3,3,2.25
168,3,3,2.258426966292135
169,3,3,2.2666666666666666
170,3,5,2.2967032967032965
171,3,5,2.3260869565217392
172,3,5,2.3548387096774195
173,3,6,2.393617021276596
174,3,6,2.431578947368421
175,3,4,2.4479166666666665
176,3,3,2.4536082474226806
177,3,3,2.4591836734693877
178,3,3,2.4646464646464645
179,3,3,2.47
180,3,3,2.4752475247524752
181,3,1,2.4607843137254903
182,3,1,2.4466019417475726
183,3,1,2.4326923076923075
184,3,1,2.419047619047619
185,3,1,2.4056603773584904
186,3,1,2.392523364485981
187,3,1,2.3796296296296298
188,3,1,2.36697247706422
189,3,1,2.3545454545454545
190,3,1,2.3423423423423424
191,3,1,2.330357142857143
192,3,2,2.327433628318584
193,3,2,2.324561403508772
194,3,3,2.3304347826086955
195,3,2,2.3275862068965516
196,3,3,2.3333333333333335
197,3,3,2.3389830508474576
198,3,3,2.3445378151260505
199,3,3,2.35
200,3,3,2.355371900826446
201,3,3,2.360655737704918
202,3,3,2.3658536585365852
203,3,3,2.370967741935484
204,3,3,2.376
205,3,2,2.373015873015873
206,3,2,2.37007874015748
207,3,1,2.359375
208,3,1,2.3488372093023258
209,3,1,2.3384615384615386
210,3,1,2.3282442748091605
211,3,2,2.3257575757575757
212,3,2,2.3233082706766917
213,3,2,2.3208955223880596
214,3,1,2.311111111111111
215,3,2,2.3088235294117645
216,3,2,2.3065693430656933
217,3,2,2.3043478260869565
218,3,3,2.3093525179856114
219,3,3,2.3142857142857145
220,3,3,2.3191489361702127
221,3,3,2.323943661971831
222,3,3,2.3286713286713288
223,3,3,2.3333333333333335
224,3,3,2.3379310344827586
225,3,3,2.3424657534246576
226,3,2,2.3401360544217686
227,3,2,2.3378378378378377
228,3,4,2.348993288590604
229,3,3,2.3533333333333335
230,3,5,2.370860927152318
231,3,5,2.388157894736842
232,3,5,2.4052287581699345
233,3,4,2.4155844155844157
234,3,4,2.425806451612903
235,3,5,2.4423076923076925
236,3,5,2.4585987261146496
237,3,5,2.4746835443037973
238,3,5,2.490566037735849
239,3,3,2.49375
240,3,3,2.4968944099378882
241,3,1,2.4876543209876543
242,3,2,2.4846625766871164
243,3,2,2.481707317073171
244,3,3,2.484848484848485
245,3,3,2.4879518072289155
246,3,2,2.4850299401197606
247,3,2,2.482142857142857
248,3,2,2.4792899408284024
249,3,2,2.476470588235294
250,3,2,2.473684210526316
251,3,2,2.4709302325581395
252,3,2,2.468208092485549
253,3,1,2.4597701149425286
254,3,1,2.4514285714285715
262,3,1,2.4431818181818183
263,3,1,2.4350282485875705
264,3,1,2.4269662921348316
265,3,1,2.4189944134078214
266,3,1,2.411111111111111
267,3,1,2.403314917127072
268,3,1,2.3956043956043955
269,3,2,2.3934426229508197
270,3,2,2.391304347826087
271,3,3,2.3945945945945946
272,3,4,2.403225806451613
273,3,3,2.406417112299465
274,3,3,2.4095744680851063
275,3,3,2.4126984126984126
276,3,3,2.4157894736842107
277,3,3,2.418848167539267
278,3,3,2.421875
279,3,4,2.430051813471503
280,3,3,2.4329896907216493
281,3,3,2.4358974358974357
282,3,2,2.433673469387755
283,3,1,2.4263959390862944
284,3,2,2.4242424242424243
285,3,2,2.422110552763819
286,3,2,2.42
287,3,2,2.417910447761194
288,3,2,2.4158415841584158
289,3,2,2.413793103448276
290,3,1,2.406862745098039
291,3,1,2.4
292,3,1,2.3932038834951457
293,3,1,2.3864734299516908
294,3,1,2.3798076923076925
295,3,1,2.373205741626794
296,3,2,2.3714285714285714
297,3,2,2.3696682464454977
298,3,2,2.3679245283018866
299,3,2,2.3661971830985915
300,3,2,2.364485981308411
301,3,2,2.3627906976744186
302,3,3,2.365740740740741
303,3,3,2.3686635944700463
304,3,3,2.371559633027523
305,3,3,2.374429223744292
306,3,2,2.3727272727272726
307,3,1,2.3665158371040724
308,3,1,2.3603603603603602
309,3,2,2.3587443946188342
310,3,2,2.357142857142857
311,3,2,2.3555555555555556
312,3,2,2.353982300884956
313,3,1,2.3480176211453743
314,3,1,2.3421052631578947
315,3,1,2.336244541484716
316,3,1,2.3304347826086955
317,3,1,2.324675324675325
318,3,1,2.3189655172413794
319,3,1,2.313304721030043
323,3,1,2.3076923076923075
324,3,1,2.302127659574468
325,3,1,2.2966101694915255
326,3,1,2.2911392405063293
327,3,1,2.2857142857142856
328,3,1,2.280334728033473
329,3,1,2.275
330,3,2,2.2738589211618256
331,3,2,2.272727272727273
332,3,2,2.271604938271605
333,3,2,2.2704918032786887
334,3,1,2.2653061224489797
335,3,1,2.2601626016260163
336,3,1,2.2550607287449393
337,3,1,2.25
338,3,1,2.244979919678715
339,3,1,2.24
340,3,1,2.235059760956175
366,3,1,2.2301587301587302
367,3,1,2.225296442687747
368,3,1,2.220472440944882
369,3,2,2.219607843137255
370,3,2,2.21875
371,3,2,2.217898832684825
372,3,2,2.2170542635658914
373,3,2,2.2162162162162162
374,3,2,2.2153846153846155
375,3,2,2.21455938697318
376,3,2,2.213740458015267
377,3,2,2.2129277566539924
378,3,2,2.212121212121212
379,3,2,2.211320754716981
380,3,1,2.206766917293233
381,3,1,2.202247191011236
382,3,1,2.1977611940298507
383,3,2,2.197026022304833
384,3,2,2.196296296296296
385,3,2,2.195571955719557
386,3,2,2.1948529411764706
387,3,2,2.1941391941391943
388,3,1,2.18978102189781
389,3,1,2.1854545454545455
390,3,1,2.181159420289855
391,3,2,2.1805054151624548
392,3,3,2.183453237410072
393,3,3,2.186379928315412
394,3,2,2.1857142857142855
395,3,2,2.185053380782918
396,3,2,2.1843971631205674
397,3,2,2.1837455830388692
398,3,2,2.183098591549296
399,3,2,2.1824561403508773
400,3,3,2.1853146853146854
401,3,4,2.191637630662021
402,3,4,2.1979166666666665
403,3,4,2.204152249134948
404,3,4,2.2103448275862068
405,3,4,2.216494845360825
406,3,5,2.2260273972602738
407,3,5,2.2354948805460753
408,3,5,2.2448979591836733
409,3,6,2.2576271186440677
410,3,6,2.27027027027027
411,3,6,2.282828282828283
412,3,6,2.295302013422819
413,3,6,2.3076923076923075
414,3,6,2.32
415,3,6,2.3333333333333335
416,3,6,2.34
417,3,5,2.3433333333333333
418,3,5,2.3466666666666667
419,3,5,2.35
420,3,4,2.35
421,3,4,2.35
422,3,3,2.3466666666666667
423,3,2,2.34
424,3,1,2.33
430,3,1,2.32
431,3,2,2.32
432,3,2,2.3233333333333333
433,3,2,2.3233333333333333
434,3,2,2.3233333333333333
435,3,2,2.3233333333333333
436,3,2,2.32
437,3,2,2.3133333333333335
438,3,3,2.31
439,3,3,2.3066666666666666
440,3,3,2.3033333333333332
441,3,2,2.296666666666667
442,3,1,2.2866666666666666
443,3,1,2.28
444,3,1,2.276666666666667
445,3,1,2.2733333333333334
446,3,2,2.2733333333333334
447,3,2,2.276666666666667
448,3,2,2.28
449,3,1,2.28
450,3,2,2.283333333333333
451,3,3,2.2866666666666666
452,3,3,2.2866666666666666
453,3,3,2.2866666666666666
454,3,5,2.2933333333333334
455,3,5,2.3
456,3,8,2.316666666666667
457,3,7,2.33
458,3,7,2.3433333333333333
459,3,7,2.3566666666666665
460,3,8,2.3733333333333335
461,3,8,2.39
462,3,8,2.4066666666666667
463,3,8,2.4266666666666667
464,3,8,2.4466666666666668
465,3,6,2.46
466,3,6,2.473333333333333
467,3,4,2.48
468,3,4,2.486666666666667
469,3,4,2.493333333333333
470,3,5,2.506666666666667
471,3,5,2.52
472,3,4,2.53
473,3,3,2.5366666666666666
474,3,3,2.5433333333333334
475,3,3,2.55
476,3,3,2.5566666666666666
477,3,4,2.566666666666667
478,3,3,2.57
479,3,3,2.5733333333333333
480,3,3,2.5766666666666667
481,3,3,2.58
482,3,2,2.5766666666666667
483,3,2,2.5733333333333333
484,3,2,2.5733333333333333
485,3,2,2.5733333333333333
486,3,2,2.5733333333333333
487,3,2,2.5733333333333333
488,3,1,2.57
489,3,3,2.5766666666666667
490,3,3,2.5833333333333335
491,3,3,2.59
492,3,2,2.5933333333333333
493,3,2,2.5966666666666667
494,3,2,2.6
495,3,2,2.6033333333333335
496,3,2,2.6066666666666665
497,3,4,2.6166666666666667
498,3,4,2.6266666666666665
499,3,4,2.6366666666666667
500,3,2,2.64
501,3,2,2.6433333333333335
502,3,2,2.6466666666666665
503,3,2,2.65
504,3,2,2.65
505,3,2,2.6466666666666665
506,3,2,2.6433333333333335
507,3,3,2.6433333333333335
508,3,1,2.6366666666666667
509,3,1,2.63
510,3,2,2.62
511,3,2,2.61
512,3,2,2.6
513,3,2,2.5866666666666664
514,3,2,2.5733333333333333
515,3,2,2.566666666666667
516,3,2,2.5633333333333335
517,3,2,2.56
518,3,1,2.5533333333333332
519,3,1,2.546666666666667
520,3,1,2.54
523,3,1,2.54
524,3,1,2.54
525,3,1,2.54
526,3,1,2.54
527,3,2,2.5433333333333334
528,3,4,2.5533333333333332
529,3,4,2.5633333333333335
530,3,4,2.5733333333333333
531,3,6,2.59
532,3,7,2.61
533,3,7,2.63
534,3,6,2.6433333333333335
535,3,6,2.6566666666666667
536,3,6,2.6666666666666665
537,3,6,2.68
538,3,7,2.6933333333333334
539,3,5,2.7
540,3,5,2.7066666666666666
541,3,5,2.7133333333333334
542,3,3,2.7133333333333334
543,3,2,2.71
544,3,2,2.7066666666666666
545,3,3,2.7066666666666666
546,3,4,2.71
547,3,5,2.72
548,3,5,2.73
549,3,4,2.74
550,3,5,2.7533333333333334
551,3,5,2.7666666666666666
552,3,7,2.7866666666666666
553,3,7,2.8033333333333332
554,3,7,2.82
555,3,7,2.8366666666666664
556,3,7,2.8566666666666665
557,3,6,2.87
558,3,5,2.88
559,3,5,2.89
560,3,4,2.8933333333333335
561,3,3,2.8933333333333335
562,3,3,2.8933333333333335
563,3,1,2.8866666666666667
564,3,1,2.88
565,3,1,2.8733333333333335
566,3,1,2.8666666666666667
569,3,1,2.86
570,3,2,2.86
571,3,2,2.86
572,3,2,2.8533333333333335
573,3,3,2.8533333333333335
574,3,3,2.8466666666666667
575,3,3,2.84
576,3,3,2.8333333333333335
577,3,3,2.83
578,3,3,2.8266666666666667
579,3,3,2.82
580,3,2,2.81
581,3,1,2.796666666666667
582,3,1,2.783333333333333
583,3,1,2.776666666666667
584,3,2,2.7733333333333334
585,3,2,2.776666666666667
586,3,2,2.776666666666667
587,3,2,2.776666666666667
588,3,2,2.7733333333333334
589,3,2,2.77
590,3,2,2.77
591,3,2,2.77
592,3,3,2.7733333333333334
593,3,3,2.776666666666667
594,3,3,2.78
595,3,1,2.776666666666667
596,3,1,2.7733333333333334
597,3,1,2.7733333333333334
598,3,1,2.7733333333333334
599,3,1,2.7733333333333334
600,3,1,2.7733333333333334
